CO_CND,NO2_CND,Rain,Wind,Temperature,CO-Delhi1,CO-Delhi2,CO-Delhi3,CO-Delhi4,CO-Delhi5,NO2-Delhi1,NO2-Delhi2,NO2-Delhi3,NO2-Delhi4,NO2-Delhi5
0.0393328,,0.002499865,2.18453,303.629,,,,,,,0.000103562,0.000149426,0.00020648,
0.0403272,8.69E-05,0.009469722,2.4638,301.551,,,,,0.0422636,0.000103562,0.000149426,0.00020648,,0.000117704
0.0390919,8.33E-05,0.007254478,1.89766,300.936,,,,0.0422636,0.0446126,0.000149426,0.00020648,,0.000117704,0.000212571
0.0408003,7.78E-05,0.003185691,1.82694,302.147,,,0.0422636,0.0446126,0.0381569,0.00020648,,0.000117704,0.000212571,0.000106321
0.0396328,,0.000867607,1.98361,303.273,,0.0422636,0.0446126,0.0381569,0.0386784,,0.000117704,0.000212571,0.000106321,0.000105755
0.0426768,9.63E-05,0.002060162,1.9151,303.553,0.0422636,0.0446126,0.0381569,0.0386784,0.0429469,0.000117704,0.000212571,0.000106321,0.000105755,0.000189718
0.0422451,9.42E-05,0.007539424,2.43539,302.226,0.0446126,0.0381569,0.0386784,0.0429469,0.0386149,0.000212571,0.000106321,0.000105755,0.000189718,0.000134224
0.0378942,7.43E-05,0.005143325,2.41918,302.277,0.0381569,0.0386784,0.0429469,0.0386149,,0.000106321,0.000105755,0.000189718,0.000134224,9.49E-05
0.0377976,0.00007278,0.005466093,2.89431,301.537,0.0386784,0.0429469,0.0386149,,0.0363068,0.000105755,0.000189718,0.000134224,9.49E-05,0.000105087
0.0385414,7.63E-05,0.004352279,1.76342,302.315,0.0429469,0.0386149,,0.0363068,0.0342333,0.000189718,0.000134224,9.49E-05,0.000105087,0.000120474
0.0377337,8.05E-05,0.001217479,1.79088,302.94,0.0386149,,0.0363068,0.0342333,0.0339898,0.000134224,9.49E-05,0.000105087,0.000120474,0.000133184
0.0377239,8.63E-05,0.00107657,2.96814,302.815,,0.0363068,0.0342333,0.0339898,0.0315642,9.49E-05,0.000105087,0.000120474,0.000133184,0.000100643
0.0375815,0.000083965,0.001063621,2.89523,302.724,0.0363068,0.0342333,0.0339898,0.0315642,0.0352786,0.000105087,0.000120474,0.000133184,0.000100643,0.000107002
0.0341013,7.99E-05,0.00012166,2.23638,302.395,0.0342333,0.0339898,0.0315642,0.0352786,0.0335358,0.000120474,0.000133184,0.000100643,0.000107002,0.000118147
0.033107,7.90E-05,0.000225577,1.88766,302.174,0.0339898,0.0315642,0.0352786,0.0335358,0.0368245,0.000133184,0.000100643,0.000107002,0.000118147,0.000125864
0.0312072,8.01E-05,7.82E-05,2.25383,302.03,0.0315642,0.0352786,0.0335358,0.0368245,0.0406831,0.000100643,0.000107002,0.000118147,0.000125864,0.000181824
0.0341499,8.20E-05,0.000205325,2.39268,302.016,0.0352786,0.0335358,0.0368245,0.0406831,0.0359048,0.000107002,0.000118147,0.000125864,0.000181824,0.000134528
0.0334906,9.12E-05,5.83E-08,2.21039,302.352,0.0335358,0.0368245,0.0406831,0.0359048,,0.000118147,0.000125864,0.000181824,0.000134528,
0.0339958,8.99E-05,1.93E-06,2.01738,302.559,0.0368245,0.0406831,0.0359048,,0.0376842,0.000125864,0.000181824,0.000134528,,
0.035328,9.15E-05,4.67E-05,2.00472,303.245,0.0406831,0.0359048,,0.0376842,0.0439936,0.000181824,0.000134528,,,0.000148044
0.0347136,8.39E-05,0.003435258,3.51927,302.518,0.0359048,,0.0376842,0.0439936,0.0348474,0.000134528,,,0.000148044,8.34E-05
,,0.057980289,4.07262,297.093,,0.0376842,0.0439936,0.0348474,0.0339564,,,0.000148044,8.34E-05,
0.0375564,0.000115227,0.056625198,4.07629,296.888,0.0376842,0.0439936,0.0348474,0.0339564,0.0350759,,0.000148044,8.34E-05,,0.000130566
0.0343942,0.000117299,0.020688967,3.43219,296.544,0.0439936,0.0348474,0.0339564,0.0350759,0.0435,0.000148044,8.34E-05,,0.000130566,
0.0343475,6.93E-05,0.000144503,1.93615,298.623,0.0348474,0.0339564,0.0350759,0.0435,,8.34E-05,,0.000130566,,0.000166444
0.0348571,,3.70E-05,2.14607,300.338,0.0339564,0.0350759,0.0435,,0.0334428,,0.000130566,,0.000166444,0.000117942
0.0347476,8.61E-05,0.000819476,1.82458,301.626,0.0350759,0.0435,,0.0334428,0.0341079,0.000130566,,0.000166444,0.000117942,
0.0389962,,0.000692531,1.8005,300.738,0.0435,,0.0334428,0.0341079,0.0321799,,0.000166444,0.000117942,,
0.0340262,8.06E-05,0.000434829,1.68461,300.167,,0.0334428,0.0341079,0.0321799,,0.000166444,0.000117942,,,
0.0323403,7.92E-05,4.20E-05,1.944,300.399,0.0334428,0.0341079,0.0321799,,0.045154,0.000117942,,,,0.000260553
0.0336609,7.92E-05,0.000156084,1.71315,300.994,0.0341079,0.0321799,,0.045154,,,,,0.000260553,0.000235754
0.031882,,0.000384625,1.58866,300.924,0.0321799,,0.045154,,0.0335149,,,0.000260553,0.000235754,0.000151522
,,0.000677027,1.93978,300.445,,0.045154,,0.0335149,0.0350535,,0.000260553,0.000235754,0.000151522,0.000144944
,8.40E-05,0.000139694,2.02604,300.102,0.045154,,0.0335149,0.0350535,0.0390804,0.000260553,0.000235754,0.000151522,0.000144944,0.000200888
0.032095,8.47E-05,0.000172829,1.79066,299.581,,0.0335149,0.0350535,0.0390804,0.035888,0.000235754,0.000151522,0.000144944,0.000200888,0.000172844
0.0331324,8.91E-05,0.000610105,1.59835,299.135,0.0335149,0.0350535,0.0390804,0.035888,0.0419729,0.000151522,0.000144944,0.000200888,0.000172844,0.000214011
0.0335008,9.87E-05,2.79E-06,1.46923,299.317,0.0350535,0.0390804,0.035888,0.0419729,0.0414919,0.000144944,0.000200888,0.000172844,0.000214011,0.000170352
0.0341981,9.07E-05,0.000307278,2.07424,299.532,0.0390804,0.035888,0.0419729,0.0414919,0.0406927,0.000200888,0.000172844,0.000214011,0.000170352,0.000252326
0.0325913,8.76E-05,0.000138233,2.24481,299.278,0.035888,0.0419729,0.0414919,0.0406927,0.0348542,0.000172844,0.000214011,0.000170352,0.000252326,0.000149548
0.0370823,9.28E-05,0.0025475,2.37649,299.18,0.0419729,0.0414919,0.0406927,0.0348542,,0.000214011,0.000170352,0.000252326,0.000149548,
0.0347279,8.26E-05,0.001594684,2.04371,296.969,0.0414919,0.0406927,0.0348542,,,0.000170352,0.000252326,0.000149548,,0.000166142
0.0348221,9.20E-05,1.43E-06,1.43758,297.219,0.0406927,0.0348542,,,0.0398164,0.000252326,0.000149548,,0.000166142,0.000317636
0.0354752,9.02E-05,1.63E-06,1.57437,296.948,0.0348542,,,0.0398164,0.0356763,0.000149548,,0.000166142,0.000317636,0.000181573
0.0341714,,3.20E-06,1.91997,297.42,,,0.0398164,0.0356763,0.0398197,,0.000166142,0.000317636,0.000181573,0.000172757
0.0344661,8.69E-05,5.27E-07,1.78626,297.697,,0.0398164,0.0356763,0.0398197,0.050452,0.000166142,0.000317636,0.000181573,0.000172757,0.000189747
0.039496,0.000108889,1.49E-05,2.39253,298.295,0.0398164,0.0356763,0.0398197,0.050452,0.0451558,0.000317636,0.000181573,0.000172757,0.000189747,0.000195757
0.0361158,9.88E-05,0.000139531,1.98131,298.062,0.0356763,0.0398197,0.050452,0.0451558,0.0448757,0.000181573,0.000172757,0.000189747,0.000195757,0.000174737
0.0374032,9.33E-05,0.00040689,2.29436,297.915,0.0398197,0.050452,0.0451558,0.0448757,0.0380569,0.000172757,0.000189747,0.000195757,0.000174737,0.000135649
,8.77E-05,4.66E-05,1.92838,297.366,0.050452,0.0451558,0.0448757,0.0380569,0.0384337,0.000189747,0.000195757,0.000174737,0.000135649,0.000183372
0.0318454,9.54E-05,1.24E-05,1.87129,296.771,0.0451558,0.0448757,0.0380569,0.0384337,0.0603956,0.000195757,0.000174737,0.000135649,0.000183372,
0.0380433,0.000103402,2.45E-06,1.68155,295.977,0.0448757,0.0380569,0.0384337,0.0603956,0.0529434,0.000174737,0.000135649,0.000183372,,0.000318285
0.0367407,0.000105491,0.000024523,1.71446,296.128,0.0380569,0.0384337,0.0603956,0.0529434,0.0456224,0.000135649,0.000183372,,0.000318285,0.000189892
0.036009,0.000100609,5.24E-05,1.8963,296.278,0.0384337,0.0603956,0.0529434,0.0456224,,0.000183372,,0.000318285,0.000189892,0.000193657
0.0360399,,9.60E-06,2.28226,295.966,0.0603956,0.0529434,0.0456224,,0.0442316,,0.000318285,0.000189892,0.000193657,0.000138741
0.0493499,0.000101891,0.000130944,2.02214,296.226,0.0529434,0.0456224,,0.0442316,0.0492597,0.000318285,0.000189892,0.000193657,0.000138741,0.000188435
0.0461136,0.000103566,0.000442286,1.36855,296.194,0.0456224,,0.0442316,0.0492597,0.0626346,0.000189892,0.000193657,0.000138741,0.000188435,0.000486822
0.0511707,0.00010447,1.90E-05,1.35229,296.184,,0.0442316,0.0492597,0.0626346,0.046925,0.000193657,0.000138741,0.000188435,0.000486822,0.000152244
0.0488611,0.000111789,0,1.55318,296.051,0.0442316,0.0492597,0.0626346,0.046925,0.0454091,0.000138741,0.000188435,0.000486822,0.000152244,0.000135817
0.0527745,0.000117325,0,1.49337,295.999,0.0492597,0.0626346,0.046925,0.0454091,0.0474605,0.000188435,0.000486822,0.000152244,0.000135817,0.000238663
0.0558912,9.46E-05,0,1.76764,296.28,0.0626346,0.046925,0.0454091,0.0474605,,0.000486822,0.000152244,0.000135817,0.000238663,0.000195626
0.0447088,9.08E-05,0.003401948,2.93987,301.86,0.046925,0.0454091,0.0474605,,0.0442694,0.000152244,0.000135817,0.000238663,0.000195626,0.000126458
0.0447095,8.04E-05,0.001689335,1.76278,303.951,0.0454091,0.0474605,,0.0442694,0.0454183,0.000135817,0.000238663,0.000195626,0.000126458,0.000124429
0.041894,8.25E-05,0.002210249,1.72566,304.854,0.0474605,,0.0442694,0.0454183,0.0390855,0.000238663,0.000195626,0.000126458,0.000124429,0.000181588
0.0442913,7.74E-05,0.005486693,2.69065,304.116,,0.0442694,0.0454183,0.0390855,0.0390958,0.000195626,0.000126458,0.000124429,0.000181588,0.000111705
0.0426091,7.73E-05,0.002101736,2.66775,303.268,0.0442694,0.0454183,0.0390855,0.0390958,0.0380592,0.000126458,0.000124429,0.000181588,0.000111705,0.000150468
0.039696,7.93E-05,0.001069909,2.28463,304.078,0.0454183,0.0390855,0.0390958,0.0380592,0.0421092,0.000124429,0.000181588,0.000111705,0.000150468,0.000137964
0.0392552,8.09E-05,0.000840559,2.69895,303.955,0.0390855,0.0390958,0.0380592,0.0421092,0.0425395,0.000181588,0.000111705,0.000150468,0.000137964,0.000144971
0.0376059,8.59E-05,0.000507444,2.15561,304.5,0.0390958,0.0380592,0.0421092,0.0425395,0.0441991,0.000111705,0.000150468,0.000137964,0.000144971,0.000210285
0.0368373,8.35E-05,0.00027726,2.12648,305.306,0.0380592,0.0421092,0.0425395,0.0441991,0.0381829,0.000150468,0.000137964,0.000144971,0.000210285,0.000126763
0.037614,0.000080763,0.000238251,2.24563,305.604,0.0421092,0.0425395,0.0441991,0.0381829,0.0383596,0.000137964,0.000144971,0.000210285,0.000126763,0.000120097
0.0393811,8.46E-05,0.000376737,2.51382,306.165,0.0425395,0.0441991,0.0381829,0.0383596,0.0390293,0.000144971,0.000210285,0.000126763,0.000120097,0.000136083
0.0391625,9.25E-05,0.001008545,3.15571,305.665,0.0441991,0.0381829,0.0383596,0.0390293,0.0426038,0.000210285,0.000126763,0.000120097,0.000136083,0.000127296
0.0384139,8.97E-05,0.002243972,3.12733,304.545,0.0381829,0.0383596,0.0390293,0.0426038,0.0392466,0.000126763,0.000120097,0.000136083,0.000127296,0.00014155
0.038761,8.08E-05,0.000777489,3.26614,304.378,0.0383596,0.0390293,0.0426038,0.0392466,0.0385091,0.000120097,0.000136083,0.000127296,0.00014155,0.000169858
0.0383374,7.48E-05,0.000706229,2.18015,304.052,0.0390293,0.0426038,0.0392466,0.0385091,0.034597,0.000136083,0.000127296,0.00014155,0.000169858,0.00012373
0.0396395,8.06E-05,0.000791987,2.34198,304.15,0.0426038,0.0392466,0.0385091,0.034597,0.0335905,0.000127296,0.00014155,0.000169858,0.00012373,0.000108897
0.0376163,8.25E-05,0.002323251,2.76864,303.983,0.0392466,0.0385091,0.034597,0.0335905,0.0345689,0.00014155,0.000169858,0.00012373,0.000108897,0.000164562
0.035887,7.61E-05,0.001102371,3.2221,303.388,0.0385091,0.034597,0.0335905,0.0345689,,0.000169858,0.00012373,0.000108897,0.000164562,9.08E-05
0.0383016,7.76E-05,0.000777038,3.62485,301.964,0.034597,0.0335905,0.0345689,,0.0337958,0.00012373,0.000108897,0.000164562,9.08E-05,0.000145548
0.0355554,8.04E-05,0.001298772,2.2436,302.328,0.0335905,0.0345689,,0.0337958,0.0323828,0.000108897,0.000164562,9.08E-05,0.000145548,0.000153937
0.0332098,0.000076791,0.001356458,1.93805,302.697,0.0345689,,0.0337958,0.0323828,0.0356548,0.000164562,9.08E-05,0.000145548,0.000153937,0.000151582
0.0345958,0.00008169,0.001536181,2.74985,301.315,,0.0337958,0.0323828,0.0356548,0.0339334,9.08E-05,0.000145548,0.000153937,0.000151582,0.000099913
0.0324896,7.92E-05,0.000658449,2.25319,302.01,0.0337958,0.0323828,0.0356548,0.0339334,0.0348535,0.000145548,0.000153937,0.000151582,0.000099913,0.000118426
0.0346205,8.22E-05,0.000498521,2.53068,302.634,0.0323828,0.0356548,0.0339334,0.0348535,0.0347432,0.000153937,0.000151582,0.000099913,0.000118426,0.000107017
0.0356402,7.03E-05,0.001245274,2.68305,302.94,0.0356548,0.0339334,0.0348535,0.0347432,0.0368295,0.000151582,0.000099913,0.000118426,0.000107017,0.000149513
0.0365147,6.82E-05,0.002760134,3.08104,302.586,0.0339334,0.0348535,0.0347432,0.0368295,0.0387019,0.000099913,0.000118426,0.000107017,0.000149513,0.000207181
0.038173,7.99E-05,0.00298975,3.11545,301.422,0.0348535,0.0347432,0.0368295,0.0387019,0.0402092,0.000118426,0.000107017,0.000149513,0.000207181,0.000160967
0.0370127,8.99E-05,0.005066043,3.11473,299.934,0.0347432,0.0368295,0.0387019,0.0402092,0.0390432,0.000107017,0.000149513,0.000207181,0.000160967,0.000151651
0.0378206,7.23E-05,0.002984849,3.37982,298.441,0.0368295,0.0387019,0.0402092,0.0390432,0.0434751,0.000149513,0.000207181,0.000160967,0.000151651,0.000152927
0.0367572,6.52E-05,0.004389412,2.43115,299.421,0.0387019,0.0402092,0.0390432,0.0434751,0.0383793,0.000207181,0.000160967,0.000151651,0.000152927,0.00011555
0.0372698,8.84E-05,0.000765165,2.45146,300.115,0.0402092,0.0390432,0.0434751,0.0383793,0.033601,0.000160967,0.000151651,0.000152927,0.00011555,0.000132292
0.0363132,7.96E-05,0.000520148,1.86213,300.871,0.0390432,0.0434751,0.0383793,0.033601,0.0403811,0.000151651,0.000152927,0.00011555,0.000132292,0.000169653
0.0384423,8.83E-05,0.001085359,1.89754,300.016,0.0434751,0.0383793,0.033601,0.0403811,0.0339794,0.000152927,0.00011555,0.000132292,0.000169653,9.37E-05
0.0336674,0.00008432,0.000982184,1.76156,297.964,0.0383793,0.033601,0.0403811,0.0339794,0.0346023,0.00011555,0.000132292,0.000169653,9.37E-05,0.000118587
0.0332251,8.02E-05,2.34E-06,2.11021,299.287,0.033601,0.0403811,0.0339794,0.0346023,0.0406319,0.000132292,0.000169653,9.37E-05,0.000118587,0.000181038
0.0354309,8.70E-05,0.0000606,2.19455,299.581,0.0403811,0.0339794,0.0346023,0.0406319,0.0459674,0.000169653,9.37E-05,0.000118587,0.000181038,0.000312087
0.0318759,7.45E-05,0.000312748,2.66601,299.136,0.0339794,0.0346023,0.0406319,0.0459674,0.0425551,9.37E-05,0.000118587,0.000181038,0.000312087,0.000169539
0.0344719,0.000082374,6.91E-07,1.75868,299.4,0.0346023,0.0406319,0.0459674,0.0425551,0.0483392,0.000118587,0.000181038,0.000312087,0.000169539,0.000142857
0.0359115,8.17E-05,0.00010998,1.81878,299.509,0.0406319,0.0459674,0.0425551,0.0483392,0.0448061,0.000181038,0.000312087,0.000169539,0.000142857,0.000133779
0.0368206,8.60E-05,1.24E-05,1.49444,299.462,0.0459674,0.0425551,0.0483392,0.0448061,0.044874,0.000312087,0.000169539,0.000142857,0.000133779,0.000143596
0.0388383,8.82E-05,0.000141363,1.65096,300.029,0.0425551,0.0483392,0.0448061,0.044874,0.0438967,0.000169539,0.000142857,0.000133779,0.000143596,0.000210007
0.0389281,8.32E-05,9.79E-05,1.8399,300.294,0.0483392,0.0448061,0.044874,0.0438967,0.0529088,0.000142857,0.000133779,0.000143596,0.000210007,0.000196374
0.0419944,8.70E-05,1.59E-05,1.80248,300.437,0.0448061,0.044874,0.0438967,0.0529088,0.0529459,0.000133779,0.000143596,0.000210007,0.000196374,0.000152994
0.0398809,0.000092273,0.000183946,1.94655,300.841,0.044874,0.0438967,0.0529088,0.0529459,0.0462868,0.000143596,0.000210007,0.000196374,0.000152994,0.000142565
0.0412142,9.64E-05,0.000192228,2.13654,300.929,0.0438967,0.0529088,0.0529459,0.0462868,0.0459897,0.000210007,0.000196374,0.000152994,0.000142565,0.000164635
0.0442766,8.88E-05,0.000286344,2.33615,300.703,0.0529088,0.0529459,0.0462868,0.0459897,0.0353567,0.000196374,0.000152994,0.000142565,0.000164635,0.000136085
0.0472758,8.17E-05,0.001132486,2.69741,300.069,0.0529459,0.0462868,0.0459897,0.0353567,0.0394378,0.000152994,0.000142565,0.000164635,0.000136085,0.000128372
0.0400068,8.59E-05,0.002068601,2.84796,297.807,0.0462868,0.0459897,0.0353567,0.0394378,0.0359466,0.000142565,0.000164635,0.000136085,0.000128372,0.000120666
0.0375094,0.000080246,0.000212025,2.45245,297.956,0.0459897,0.0353567,0.0394378,0.0359466,0.0411265,0.000164635,0.000136085,0.000128372,0.000120666,0.000120935
0.0362359,8.61E-05,0.000000112,2.0125,297.452,0.0353567,0.0394378,0.0359466,0.0411265,0.0661393,0.000136085,0.000128372,0.000120666,0.000120935,0.000246894
0.0371099,8.52E-05,7.84E-07,2.11518,297.143,0.0394378,0.0359466,0.0411265,0.0661393,0.0519584,0.000128372,0.000120666,0.000120935,0.000246894,0.000186927
0.0358263,8.49E-05,0,2.28263,297.34,0.0359466,0.0411265,0.0661393,0.0519584,0.0519584,0.000120666,0.000120935,0.000246894,0.000186927,0.000198341
0.0394821,8.30E-05,0.000163921,2.02562,297.731,0.0411265,0.0661393,0.0519584,0.0519584,0.0463892,0.000120935,0.000246894,0.000186927,0.000198341,0.000107619
0.0471101,9.50E-05,0.000151938,2.23493,297.673,0.0661393,0.0519584,0.0519584,0.0463892,0.0531548,0.000246894,0.000186927,0.000198341,0.000107619,0.000118184
0.0505047,9.21E-05,9.25E-05,2.14112,297.432,0.0519584,0.0519584,0.0463892,0.0531548,,0.000186927,0.000198341,0.000107619,0.000118184,0.000120334
0.0484593,9.42E-05,5.31E-06,1.67697,296.973,0.0519584,0.0463892,0.0531548,,0.0685245,0.000198341,0.000107619,0.000118184,0.000120334,9.63E-05
0.0474668,9.18E-05,7.67E-07,1.69963,296.847,0.0463892,0.0531548,,0.0685245,0.0560328,0.000107619,0.000118184,0.000120334,9.63E-05,0.000536714
0.0529049,8.07E-05,0,1.49284,297.136,0.0531548,,0.0685245,0.0560328,,0.000118184,0.000120334,9.63E-05,0.000536714,0.000260355
0.060692,0.000094547,5.84E-07,1.52275,297.405,,0.0685245,0.0560328,,0.0486405,0.000120334,9.63E-05,0.000536714,0.000260355,0.000209021
0.0571424,9.13E-05,0.000189183,1.80012,297.276,0.0685245,0.0560328,,0.0486405,0.0421601,9.63E-05,0.000536714,0.000260355,0.000209021,0.000176963
0.0655042,0.000117664,0.001028861,2.21403,296.838,0.0560328,,0.0486405,0.0421601,0.0551677,0.000536714,0.000260355,0.000209021,0.000176963,9.72E-05
0.0503441,0.00010728,0.002162839,3.33841,296.728,,0.0486405,0.0421601,0.0551677,0.0360976,0.000260355,0.000209021,0.000176963,9.72E-05,0.000120738
0.0452016,9.35E-05,0.005543802,3.39074,294.853,0.0486405,0.0421601,0.0551677,0.0360976,0.0378252,0.000209021,0.000176963,9.72E-05,0.000120738,
0.0450858,0.000086537,9.72E-05,2.06152,292.834,0.0421601,0.0551677,0.0360976,0.0378252,0.0645436,0.000176963,9.72E-05,0.000120738,,0.000119114
0.0478411,0.000082431,4.29E-06,2.12016,292.65,0.0551677,0.0360976,0.0378252,0.0645436,0.0447301,9.72E-05,0.000120738,,0.000119114,0.000339959
0.0406538,0.000104874,4.28E-08,2.95469,292.216,0.0360976,0.0378252,0.0645436,0.0447301,0.0588019,0.000120738,,0.000119114,0.000339959,0.000175044
0.0391213,,0,1.71457,292.11,0.0378252,0.0645436,0.0447301,0.0588019,0.0526554,,0.000119114,0.000339959,0.000175044,0.000155478
0.0497454,9.99E-05,0,1.40883,292.258,0.0645436,0.0447301,0.0588019,0.0526554,0.0538275,0.000119114,0.000339959,0.000175044,0.000155478,0.000409894
0.0494902,9.32E-05,1.90E-09,1.22539,292.425,0.0447301,0.0588019,0.0526554,0.0538275,0.0479721,0.000339959,0.000175044,0.000155478,0.000409894,
0.044751,9.02E-05,3.01E-07,1.35502,292.933,0.0588019,0.0526554,0.0538275,0.0479721,0.0434961,0.000175044,0.000155478,0.000409894,,0.000307887
0.0591344,0.000110116,4.84E-06,1.77926,292.979,0.0526554,0.0538275,0.0479721,0.0434961,,0.000155478,0.000409894,,0.000307887,0.000192137
0.0459669,0.000102275,3.02E-05,1.54041,293.52,0.0538275,0.0479721,0.0434961,,0.0381315,0.000409894,,0.000307887,0.000192137,0.000127501
0.0486128,9.02E-05,0.002159303,1.8362,293.77,0.0479721,0.0434961,,0.0381315,0.0405141,,0.000307887,0.000192137,0.000127501,0.000172052
0.050264,0.000089974,0.003235209,2.33598,292.845,0.0434961,,0.0381315,0.0405141,0.044303,0.000307887,0.000192137,0.000127501,0.000172052,0.000260497
0.0434958,9.69E-05,5.01E-06,2.49815,291.591,,0.0381315,0.0405141,0.044303,,0.000192137,0.000127501,0.000172052,0.000260497,0.000159412
0.0376977,0.000103154,1.90E-09,2.96173,291.382,0.0381315,0.0405141,0.044303,,0.0460716,0.000127501,0.000172052,0.000260497,0.000159412,0.000291354
0.0406609,0.000107521,0.000000041,1.72468,291.227,0.0405141,0.044303,,0.0460716,0.0422879,0.000172052,0.000260497,0.000159412,0.000291354,0.000129451
0.0402572,0.000106048,1.53E-05,2.28381,292.789,0.044303,,0.0460716,0.0422879,0.0440188,0.000260497,0.000159412,0.000291354,0.000129451,0.000250024
0.0414565,0.00010498,8.17E-06,2.75393,293.417,,0.0460716,0.0422879,0.0440188,0.0356037,0.000159412,0.000291354,0.000129451,0.000250024,0.00012227
0.0425684,0.000101475,0,2.16243,292.678,0.0460716,0.0422879,0.0440188,0.0356037,0.0334542,0.000291354,0.000129451,0.000250024,0.00012227,0.000125245
0.0359546,9.34E-05,0,1.97621,291.784,0.0422879,0.0440188,0.0356037,0.0334542,0.0375641,0.000129451,0.000250024,0.00012227,0.000125245,0.000209821
0.0403987,0.000105853,1.90E-09,1.47681,291.492,0.0440188,0.0356037,0.0334542,0.0375641,0.0375166,0.000250024,0.00012227,0.000125245,0.000209821,0.00030119
0.0341821,9.12E-05,4.47E-08,3.15517,291.673,0.0356037,0.0334542,0.0375641,0.0375166,0.0493013,0.00012227,0.000125245,0.000209821,0.00030119,0.000203181
0.0318938,9.39E-05,4.28E-08,2.84138,291.218,0.0334542,0.0375641,0.0375166,0.0493013,0.0571119,0.000125245,0.000209821,0.00030119,0.000203181,0.000506096
0.0343233,0.000107274,0,1.44647,291.507,0.0375641,0.0375166,0.0493013,0.0571119,0.0477182,0.000209821,0.00030119,0.000203181,0.000506096,0.000184044
0.0351636,0.000105205,1.90E-09,1.41276,291.525,0.0375166,0.0493013,0.0571119,0.0477182,0.0706637,0.00030119,0.000203181,0.000506096,0.000184044,0.000178245
0.0433384,0.0001196,0.000003937,1.89724,291.87,0.0493013,0.0571119,0.0477182,0.0706637,0.0641185,0.000203181,0.000506096,0.000184044,0.000178245,0.000199949
0.0425985,0.000105198,8.22E-08,1.44858,291.721,0.0571119,0.0477182,0.0706637,0.0641185,,0.000506096,0.000184044,0.000178245,0.000199949,0.000123411
0.0421712,9.65E-05,0,2.04337,290.726,0.0477182,0.0706637,0.0641185,,0.0467105,0.000184044,0.000178245,0.000199949,0.000123411,0.000105454
0.0523742,0.00011849,0.0005498,1.92755,296.828,0.0706637,0.0641185,,0.0467105,0.0415569,0.000178245,0.000199949,0.000123411,0.000105454,1.17E-04
0.0681694,0.000106828,0.000549957,1.82549,295.516,0.0641185,,0.0467105,0.0415569,0.0405934,0.000199949,0.000123411,0.000105454,1.17E-04,0.000172067
0.0576515,9.29E-05,0.001045472,1.93124,295.729,,0.0467105,0.0415569,0.0405934,0.0345365,0.000123411,0.000105454,1.17E-04,0.000172067,0.000168576
0.0497014,9.74E-05,1.10E-05,2.45858,295.993,0.0467105,0.0415569,0.0405934,0.0345365,0.0481519,0.000105454,1.17E-04,0.000172067,0.000168576,0.000195972
0.0432624,0.000101908,7.80E-09,2.40814,295.841,0.0415569,0.0405934,0.0345365,0.0481519,0.0368748,1.17E-04,0.000172067,0.000168576,0.000195972,0.000122448
0.0419888,0.000090544,0.00222294,3.05344,296.622,0.0405934,0.0345365,0.0481519,0.0368748,0.0430701,0.000172067,0.000168576,0.000195972,0.000122448,0.000115931
0.033645,8.08E-05,0.01471367,3.89823,292.69,0.0345365,0.0481519,0.0368748,0.0430701,0.0469,0.000168576,0.000195972,0.000122448,0.000115931,0.00013022
0.0357928,7.93E-05,0.000444631,2.58294,293.445,0.0481519,0.0368748,0.0430701,0.0469,0.0497932,0.000195972,0.000122448,0.000115931,0.00013022,0.000121278
0.0372538,9.75E-05,1.31E-07,2.48008,293.172,0.0368748,0.0430701,0.0469,0.0497932,0.0544477,0.000122448,0.000115931,0.00013022,0.000121278,0.000281951
0.0406073,0.000105266,0,1.81558,292.317,0.0430701,0.0469,0.0497932,0.0544477,,0.000115931,0.00013022,0.000121278,0.000281951,
0.045894,0.000107786,0,1.4108,291.725,0.0469,0.0497932,0.0544477,,,0.00013022,0.000121278,0.000281951,,0.000138083
0.0478615,0.000108253,1.12E-06,1.73017,291.927,0.0497932,0.0544477,,,0.0380893,0.000121278,0.000281951,,0.000138083,0.000119437
0.0563689,9.84E-05,0.000002218,1.89665,292.74,0.0544477,,,0.0380893,0.0319056,0.000281951,,0.000138083,0.000119437,9.93E-05
,0.000131411,0.000678614,2.21468,293.006,,,0.0380893,0.0319056,0.0390849,,0.000138083,0.000119437,9.93E-05,0.000135412
0.0436287,9.16E-05,0.000263349,2.49682,294.113,,0.0380893,0.0319056,0.0390849,0.040505,0.000138083,0.000119437,9.93E-05,0.000135412,0.00012781
0.0380861,8.17E-05,0.000061441,3.4114,293.695,0.0380893,0.0319056,0.0390849,0.040505,0.0480599,0.000119437,9.93E-05,0.000135412,0.00012781,0.000213074
0.0323771,7.57E-05,1.90E-09,3.79912,293.05,0.0319056,0.0390849,0.040505,0.0480599,0.05281,9.93E-05,0.000135412,0.00012781,0.000213074,0.00063965
0.034341,9.33E-05,4.28E-08,2.62569,292.183,0.0390849,0.040505,0.0480599,0.05281,0.0507654,0.000135412,0.00012781,0.000213074,0.00063965,0.000281097
0.0399739,0.000108603,4.73E-08,1.72975,291.622,0.040505,0.0480599,0.05281,0.0507654,,0.00012781,0.000213074,0.00063965,0.000281097,
0.0416576,9.52E-05,2.04E-07,1.35226,291.548,0.0480599,0.05281,0.0507654,,,0.000213074,0.00063965,0.000281097,,0.000136118
0.0450582,0.000118555,4.36E-06,1.6578,291.542,0.05281,0.0507654,,,0.0458419,0.00063965,0.000281097,,0.000136118,0.000242735
0.0457839,8.80E-05,0.000105493,2.15141,291.674,0.0507654,,,0.0458419,0.0428748,0.000281097,,0.000136118,0.000242735,0.00029189
0.0345506,,7.28E-05,2.96832,292.507,,,0.0458419,0.0428748,0.0436592,,0.000136118,0.000242735,0.00029189,0.000322469
0.0325633,7.42E-05,4.59E-07,2.05744,291.916,,0.0458419,0.0428748,0.0436592,0.0423019,0.000136118,0.000242735,0.00029189,0.000322469,0.000109037
0.0366769,7.59E-05,0.000305003,1.73352,291.767,0.0458419,0.0428748,0.0436592,0.0423019,0.0379793,0.000242735,0.00029189,0.000322469,0.000109037,0.000125451
0.042533,0.000074984,0.003229057,2.1607,291.284,0.0428748,0.0436592,0.0423019,0.0379793,,0.00029189,0.000322469,0.000109037,0.000125451,
0.0377938,7.01E-05,0.016543318,2.37493,291.606,0.0436592,0.0423019,0.0379793,,,0.000322469,0.000109037,0.000125451,,
0.041007,6.47E-05,0.00289513,2.61971,290.592,0.0423019,0.0379793,,,,0.000109037,0.000125451,,,
0.0388573,6.37E-05,0.000348103,1.97719,290.021,0.0379793,,,,,0.000125451,,,,